Download Links,Platform Name
https://archive.org/download/stackexchange_20240630/stackexchange_20240630/3dprinting.meta.stackexchange.com.7z,3dprinting.meta.stackexchange
https://archive.org/download/stackexchange_20240630/stackexchange_20240630/3dprinting.stackexchange.com.7z,3dprinting.stackexchange
https://archive.org/download/stackexchange_20240630/stackexchange_20240630/academia.meta.stackexchange.com.7z,academia.meta.stackexchange
https://archive.org/download/stackexchange_20240630/stackexchange_20240630/academia.stackexchange.com.7z,academia.stackexchange
https://archive.org/download/stackexchange_20240630/stackexchange_20240630/ai.meta.stackexchange.com.7z,ai.meta.stackexchange
https://archive.org/download/stackexchange_20240630/stackexchange_20240630/ai.stackexchange.com.7z,ai.stackexchange
https://archive.org/download/stackexchange_20240630/stackexchange_20240630/android.meta.stackexchange.com.7z,android.meta.stackexchange
https://archive.org/download/stackexchange_20240630/stackexchange_20240630/android.stackexchange.com.7z,android.stackexchange
https://archive.org/download/stackexchange_20240630/stackexchange_20240630/anime.meta.stackexchange.com.7z,anime.meta.stackexchange
https://archive.org/download/stackexchange_20240630/stackexchange_20240630/anime.stackexchange.com.7z,anime.stackexchange
https://archive.org/download/stackexchange_20240630/stackexchange_20240630/apple.meta.stackexchange.com.7z,apple.meta.stackexchange
https://archive.org/download/stackexchange_20240630/stackexchange_20240630/apple.stackexchange.com.7z,apple.stackexchange
https://archive.org/download/stackexchange_20240630/stackexchange_20240630/arduino.meta.stackexchange.com.7z,arduino.meta.stackexchange
https://archive.org/download/stackexchange_20240630/stackexchange_20240630/arduino.stackexchange.com.7z,arduino.stackexchange
https://archive.org/download/stackexchange_20240630/stackexchange_20240630/askubuntu.com.7z,askubuntu
https://archive.org/download/stackexchange_20240630/stackexchange_20240630/astronomy.meta.stackexchange.com.7z,astronomy.meta.stackexchange
https://archive.org/download/stackexchange_20240630/stackexchange_20240630/astronomy.stackexchange.com.7z,astronomy.stackexchange
https://archive.org/download/stackexchange_20240630/stackexchange_20240630/aviation.meta.stackexchange.com.7z,aviation.meta.stackexchange
https://archive.org/download/stackexchange_20240630/stackexchange_20240630/aviation.stackexchange.com.7z,aviation.stackexchange
https://archive.org/download/stackexchange_20240630/stackexchange_20240630/avp.meta.stackexchange.com.7z,avp.meta.stackexchange
https://archive.org/download/stackexchange_20240630/stackexchange_20240630/avp.stackexchange.com.7z,avp.stackexchange
https://archive.org/download/stackexchange_20240630/stackexchange_20240630/beer.meta.stackexchange.com.7z,beer.meta.stackexchange
https://archive.org/download/stackexchange_20240630/stackexchange_20240630/beer.stackexchange.com.7z,beer.stackexchange
https://archive.org/download/stackexchange_20240630/stackexchange_20240630/bicycles.meta.stackexchange.com.7z,bicycles.meta.stackexchange
https://archive.org/download/stackexchange_20240630/stackexchange_20240630/bicycles.stackexchange.com.7z,bicycles.stackexchange
https://archive.org/download/stackexchange_20240630/stackexchange_20240630/bioacoustics.meta.stackexchange.com.7z,bioacoustics.meta.stackexchange
https://archive.org/download/stackexchange_20240630/stackexchange_20240630/bioacoustics.stackexchange.com.7z,bioacoustics.stackexchange
https://archive.org/download/stackexchange_20240630/stackexchange_20240630/bioinformatics.meta.stackexchange.com.7z,bioinformatics.meta.stackexchange
https://archive.org/download/stackexchange_20240630/stackexchange_20240630/bioinformatics.stackexchange.com.7z,bioinformatics.stackexchange
https://archive.org/download/stackexchange_20240630/stackexchange_20240630/biology.meta.stackexchange.com.7z,biology.meta.stackexchange
https://archive.org/download/stackexchange_20240630/stackexchange_20240630/biology.stackexchange.com.7z,biology.stackexchange
https://archive.org/download/stackexchange_20240630/stackexchange_20240630/bitcoin.meta.stackexchange.com.7z,bitcoin.meta.stackexchange
https://archive.org/download/stackexchange_20240630/stackexchange_20240630/bitcoin.stackexchange.com.7z,bitcoin.stackexchange
https://archive.org/download/stackexchange_20240630/stackexchange_20240630/blender.meta.stackexchange.com.7z,blender.meta.stackexchange
https://archive.org/download/stackexchange_20240630/stackexchange_20240630/blender.stackexchange.com.7z,blender.stackexchange
https://archive.org/download/stackexchange_20240630/stackexchange_20240630/boardgames.meta.stackexchange.com.7z,boardgames.meta.stackexchange
https://archive.org/download/stackexchange_20240630/stackexchange_20240630/boardgames.stackexchange.com.7z,boardgames.stackexchange
https://archive.org/download/stackexchange_20240630/stackexchange_20240630/bricks.meta.stackexchange.com.7z,bricks.meta.stackexchange
https://archive.org/download/stackexchange_20240630/stackexchange_20240630/bricks.stackexchange.com.7z,bricks.stackexchange
https://archive.org/download/stackexchange_20240630/stackexchange_20240630/buddhism.meta.stackexchange.com.7z,buddhism.meta.stackexchange
https://archive.org/download/stackexchange_20240630/stackexchange_20240630/buddhism.stackexchange.com.7z,buddhism.stackexchange
https://archive.org/download/stackexchange_20240630/stackexchange_20240630/cardano.meta.stackexchange.com.7z,cardano.meta.stackexchange
https://archive.org/download/stackexchange_20240630/stackexchange_20240630/cardano.stackexchange.com.7z,cardano.stackexchange
https://archive.org/download/stackexchange_20240630/stackexchange_20240630/chemistry.meta.stackexchange.com.7z,chemistry.meta.stackexchange
https://archive.org/download/stackexchange_20240630/stackexchange_20240630/chemistry.stackexchange.com.7z,chemistry.stackexchange
https://archive.org/download/stackexchange_20240630/stackexchange_20240630/chess.meta.stackexchange.com.7z,chess.meta.stackexchange
https://archive.org/download/stackexchange_20240630/stackexchange_20240630/chess.stackexchange.com.7z,chess.stackexchange
https://archive.org/download/stackexchange_20240630/stackexchange_20240630/chinese.meta.stackexchange.com.7z,chinese.meta.stackexchange
https://archive.org/download/stackexchange_20240630/stackexchange_20240630/chinese.stackexchange.com.7z,chinese.stackexchange
https://archive.org/download/stackexchange_20240630/stackexchange_20240630/christianity.meta.stackexchange.com.7z,christianity.meta.stackexchange
https://archive.org/download/stackexchange_20240630/stackexchange_20240630/christianity.stackexchange.com.7z,christianity.stackexchange
https://archive.org/download/stackexchange_20240630/stackexchange_20240630/civicrm.meta.stackexchange.com.7z,civicrm.meta.stackexchange
https://archive.org/download/stackexchange_20240630/stackexchange_20240630/civicrm.stackexchange.com.7z,civicrm.stackexchange
https://archive.org/download/stackexchange_20240630/stackexchange_20240630/codegolf.meta.stackexchange.com.7z,codegolf.meta.stackexchange
https://archive.org/download/stackexchange_20240630/stackexchange_20240630/codegolf.stackexchange.com.7z,codegolf.stackexchange
https://archive.org/download/stackexchange_20240630/stackexchange_20240630/codereview.meta.stackexchange.com.7z,codereview.meta.stackexchange
https://archive.org/download/stackexchange_20240630/stackexchange_20240630/codereview.stackexchange.com.7z,codereview.stackexchange
https://archive.org/download/stackexchange_20240630/stackexchange_20240630/coffee.meta.stackexchange.com.7z,coffee.meta.stackexchange
https://archive.org/download/stackexchange_20240630/stackexchange_20240630/coffee.stackexchange.com.7z,coffee.stackexchange
https://archive.org/download/stackexchange_20240630/stackexchange_20240630/cogsci.meta.stackexchange.com.7z,cogsci.meta.stackexchange
https://archive.org/download/stackexchange_20240630/stackexchange_20240630/cogsci.stackexchange.com.7z,cogsci.stackexchange
https://archive.org/download/stackexchange_20240630/stackexchange_20240630/computergraphics.meta.stackexchange.com.7z,computergraphics.meta.stackexchange
https://archive.org/download/stackexchange_20240630/stackexchange_20240630/computergraphics.stackexchange.com.7z,computergraphics.stackexchange
https://archive.org/download/stackexchange_20240630/stackexchange_20240630/conlang.meta.stackexchange.com.7z,conlang.meta.stackexchange
https://archive.org/download/stackexchange_20240630/stackexchange_20240630/conlang.stackexchange.com.7z,conlang.stackexchange
https://archive.org/download/stackexchange_20240630/stackexchange_20240630/cooking.meta.stackexchange.com.7z,cooking.meta.stackexchange
https://archive.org/download/stackexchange_20240630/stackexchange_20240630/cooking.stackexchange.com.7z,cooking.stackexchange
https://archive.org/download/stackexchange_20240630/stackexchange_20240630/craftcms.meta.stackexchange.com.7z,craftcms.meta.stackexchange
https://archive.org/download/stackexchange_20240630/stackexchange_20240630/craftcms.stackexchange.com.7z,craftcms.stackexchange
https://archive.org/download/stackexchange_20240630/stackexchange_20240630/crafts.meta.stackexchange.com.7z,crafts.meta.stackexchange
https://archive.org/download/stackexchange_20240630/stackexchange_20240630/crafts.stackexchange.com.7z,crafts.stackexchange
https://archive.org/download/stackexchange_20240630/stackexchange_20240630/crypto.meta.stackexchange.com.7z,crypto.meta.stackexchange
https://archive.org/download/stackexchange_20240630/stackexchange_20240630/crypto.stackexchange.com.7z,crypto.stackexchange
https://archive.org/download/stackexchange_20240630/stackexchange_20240630/cs.meta.stackexchange.com.7z,cs.meta.stackexchange
https://archive.org/download/stackexchange_20240630/stackexchange_20240630/cs.stackexchange.com.7z,cs.stackexchange
https://archive.org/download/stackexchange_20240630/stackexchange_20240630/cseducators.meta.stackexchange.com.7z,cseducators.meta.stackexchange
https://archive.org/download/stackexchange_20240630/stackexchange_20240630/cseducators.stackexchange.com.7z,cseducators.stackexchange
https://archive.org/download/stackexchange_20240630/stackexchange_20240630/cstheory.meta.stackexchange.com.7z,cstheory.meta.stackexchange
https://archive.org/download/stackexchange_20240630/stackexchange_20240630/cstheory.stackexchange.com.7z,cstheory.stackexchange
https://archive.org/download/stackexchange_20240630/stackexchange_20240630/datascience.meta.stackexchange.com.7z,datascience.meta.stackexchange
https://archive.org/download/stackexchange_20240630/stackexchange_20240630/datascience.stackexchange.com.7z,datascience.stackexchange
https://archive.org/download/stackexchange_20240630/stackexchange_20240630/dba.meta.stackexchange.com.7z,dba.meta.stackexchange
https://archive.org/download/stackexchange_20240630/stackexchange_20240630/dba.stackexchange.com.7z,dba.stackexchange
https://archive.org/download/stackexchange_20240630/stackexchange_20240630/devops.meta.stackexchange.com.7z,devops.meta.stackexchange
https://archive.org/download/stackexchange_20240630/stackexchange_20240630/devops.stackexchange.com.7z,devops.stackexchange
https://archive.org/download/stackexchange_20240630/stackexchange_20240630/diy.meta.stackexchange.com.7z,diy.meta.stackexchange
https://archive.org/download/stackexchange_20240630/stackexchange_20240630/diy.stackexchange.com.7z,diy.stackexchange
https://archive.org/download/stackexchange_20240630/stackexchange_20240630/drones.meta.stackexchange.com.7z,drones.meta.stackexchange
https://archive.org/download/stackexchange_20240630/stackexchange_20240630/drones.stackexchange.com.7z,drones.stackexchange
https://archive.org/download/stackexchange_20240630/stackexchange_20240630/drupal.meta.stackexchange.com.7z,drupal.meta.stackexchange
https://archive.org/download/stackexchange_20240630/stackexchange_20240630/drupal.stackexchange.com.7z,drupal.stackexchange
https://archive.org/download/stackexchange_20240630/stackexchange_20240630/dsp.meta.stackexchange.com.7z,dsp.meta.stackexchange
https://archive.org/download/stackexchange_20240630/stackexchange_20240630/dsp.stackexchange.com.7z,dsp.stackexchange
https://archive.org/download/stackexchange_20240630/stackexchange_20240630/earthscience.meta.stackexchange.com.7z,earthscience.meta.stackexchange
https://archive.org/download/stackexchange_20240630/stackexchange_20240630/earthscience.stackexchange.com.7z,earthscience.stackexchange
https://archive.org/download/stackexchange_20240630/stackexchange_20240630/ebooks.meta.stackexchange.com.7z,ebooks.meta.stackexchange
https://archive.org/download/stackexchange_20240630/stackexchange_20240630/ebooks.stackexchange.com.7z,ebooks.stackexchange
https://archive.org/download/stackexchange_20240630/stackexchange_20240630/economics.meta.stackexchange.com.7z,economics.meta.stackexchange
https://archive.org/download/stackexchange_20240630/stackexchange_20240630/economics.stackexchange.com.7z,economics.stackexchange
https://archive.org/download/stackexchange_20240630/stackexchange_20240630/electronics.meta.stackexchange.com.7z,electronics.meta.stackexchange
https://archive.org/download/stackexchange_20240630/stackexchange_20240630/electronics.stackexchange.com.7z,electronics.stackexchange
https://archive.org/download/stackexchange_20240630/stackexchange_20240630/elementaryos.meta.stackexchange.com.7z,elementaryos.meta.stackexchange
https://archive.org/download/stackexchange_20240630/stackexchange_20240630/elementaryos.stackexchange.com.7z,elementaryos.stackexchange
https://archive.org/download/stackexchange_20240630/stackexchange_20240630/ell.meta.stackexchange.com.7z,ell.meta.stackexchange
https://archive.org/download/stackexchange_20240630/stackexchange_20240630/ell.stackexchange.com.7z,ell.stackexchange
https://archive.org/download/stackexchange_20240630/stackexchange_20240630/emacs.meta.stackexchange.com.7z,emacs.meta.stackexchange
https://archive.org/download/stackexchange_20240630/stackexchange_20240630/emacs.stackexchange.com.7z,emacs.stackexchange
https://archive.org/download/stackexchange_20240630/stackexchange_20240630/engineering.meta.stackexchange.com.7z,engineering.meta.stackexchange
https://archive.org/download/stackexchange_20240630/stackexchange_20240630/engineering.stackexchange.com.7z,engineering.stackexchange
https://archive.org/download/stackexchange_20240630/stackexchange_20240630/english.meta.stackexchange.com.7z,english.meta.stackexchange
https://archive.org/download/stackexchange_20240630/stackexchange_20240630/english.stackexchange.com.7z,english.stackexchange
https://archive.org/download/stackexchange_20240630/stackexchange_20240630/eosio.meta.stackexchange.com.7z,eosio.meta.stackexchange
https://archive.org/download/stackexchange_20240630/stackexchange_20240630/eosio.stackexchange.com.7z,eosio.stackexchange
https://archive.org/download/stackexchange_20240630/stackexchange_20240630/es.meta.stackoverflow.com.7z,es.meta.stackoverflow
https://archive.org/download/stackexchange_20240630/stackexchange_20240630/es.stackoverflow.com.7z,es.stackoverflow
https://archive.org/download/stackexchange_20240630/stackexchange_20240630/esperanto.meta.stackexchange.com.7z,esperanto.meta.stackexchange
https://archive.org/download/stackexchange_20240630/stackexchange_20240630/esperanto.stackexchange.com.7z,esperanto.stackexchange
https://archive.org/download/stackexchange_20240630/stackexchange_20240630/ethereum.meta.stackexchange.com.7z,ethereum.meta.stackexchange
https://archive.org/download/stackexchange_20240630/stackexchange_20240630/ethereum.stackexchange.com.7z,ethereum.stackexchange
https://archive.org/download/stackexchange_20240630/stackexchange_20240630/expatriates.meta.stackexchange.com.7z,expatriates.meta.stackexchange
https://archive.org/download/stackexchange_20240630/stackexchange_20240630/expatriates.stackexchange.com.7z,expatriates.stackexchange
https://archive.org/download/stackexchange_20240630/stackexchange_20240630/expressionengine.meta.stackexchange.com.7z,expressionengine.meta.stackexchange
https://archive.org/download/stackexchange_20240630/stackexchange_20240630/expressionengine.stackexchange.com.7z,expressionengine.stackexchange
https://archive.org/download/stackexchange_20240630/stackexchange_20240630/fitness.meta.stackexchange.com.7z,fitness.meta.stackexchange
https://archive.org/download/stackexchange_20240630/stackexchange_20240630/fitness.stackexchange.com.7z,fitness.stackexchange
https://archive.org/download/stackexchange_20240630/stackexchange_20240630/freelancing.meta.stackexchange.com.7z,freelancing.meta.stackexchange
https://archive.org/download/stackexchange_20240630/stackexchange_20240630/freelancing.stackexchange.com.7z,freelancing.stackexchange
https://archive.org/download/stackexchange_20240630/stackexchange_20240630/french.meta.stackexchange.com.7z,french.meta.stackexchange
https://archive.org/download/stackexchange_20240630/stackexchange_20240630/french.stackexchange.com.7z,french.stackexchange
https://archive.org/download/stackexchange_20240630/stackexchange_20240630/gamedev.meta.stackexchange.com.7z,gamedev.meta.stackexchange
https://archive.org/download/stackexchange_20240630/stackexchange_20240630/gamedev.stackexchange.com.7z,gamedev.stackexchange
https://archive.org/download/stackexchange_20240630/stackexchange_20240630/gaming.meta.stackexchange.com.7z,gaming.meta.stackexchange
https://archive.org/download/stackexchange_20240630/stackexchange_20240630/gaming.stackexchange.com.7z,gaming.stackexchange
https://archive.org/download/stackexchange_20240630/stackexchange_20240630/gardening.meta.stackexchange.com.7z,gardening.meta.stackexchange
https://archive.org/download/stackexchange_20240630/stackexchange_20240630/gardening.stackexchange.com.7z,gardening.stackexchange
https://archive.org/download/stackexchange_20240630/stackexchange_20240630/genai.meta.stackexchange.com.7z,genai.meta.stackexchange
https://archive.org/download/stackexchange_20240630/stackexchange_20240630/genai.stackexchange.com.7z,genai.stackexchange
https://archive.org/download/stackexchange_20240630/stackexchange_20240630/genealogy.meta.stackexchange.com.7z,genealogy.meta.stackexchange
https://archive.org/download/stackexchange_20240630/stackexchange_20240630/genealogy.stackexchange.com.7z,genealogy.stackexchange
https://archive.org/download/stackexchange_20240630/stackexchange_20240630/german.meta.stackexchange.com.7z,german.meta.stackexchange
https://archive.org/download/stackexchange_20240630/stackexchange_20240630/german.stackexchange.com.7z,german.stackexchange
https://archive.org/download/stackexchange_20240630/stackexchange_20240630/gis.meta.stackexchange.com.7z,gis.meta.stackexchange
https://archive.org/download/stackexchange_20240630/stackexchange_20240630/gis.stackexchange.com.7z,gis.stackexchange
https://archive.org/download/stackexchange_20240630/stackexchange_20240630/graphicdesign.meta.stackexchange.com.7z,graphicdesign.meta.stackexchange
https://archive.org/download/stackexchange_20240630/stackexchange_20240630/graphicdesign.stackexchange.com.7z,graphicdesign.stackexchange
https://archive.org/download/stackexchange_20240630/stackexchange_20240630/ham.meta.stackexchange.com.7z,ham.meta.stackexchange
https://archive.org/download/stackexchange_20240630/stackexchange_20240630/ham.stackexchange.com.7z,ham.stackexchange
https://archive.org/download/stackexchange_20240630/stackexchange_20240630/hardwarerecs.meta.stackexchange.com.7z,hardwarerecs.meta.stackexchange
https://archive.org/download/stackexchange_20240630/stackexchange_20240630/hardwarerecs.stackexchange.com.7z,hardwarerecs.stackexchange
https://archive.org/download/stackexchange_20240630/stackexchange_20240630/health.meta.stackexchange.com.7z,health.meta.stackexchange
https://archive.org/download/stackexchange_20240630/stackexchange_20240630/health.stackexchange.com.7z,health.stackexchange
https://archive.org/download/stackexchange_20240630/stackexchange_20240630/hermeneutics.meta.stackexchange.com.7z,hermeneutics.meta.stackexchange
https://archive.org/download/stackexchange_20240630/stackexchange_20240630/hermeneutics.stackexchange.com.7z,hermeneutics.stackexchange
https://archive.org/download/stackexchange_20240630/stackexchange_20240630/hinduism.meta.stackexchange.com.7z,hinduism.meta.stackexchange
https://archive.org/download/stackexchange_20240630/stackexchange_20240630/hinduism.stackexchange.com.7z,hinduism.stackexchange
https://archive.org/download/stackexchange_20240630/stackexchange_20240630/history.meta.stackexchange.com.7z,history.meta.stackexchange
https://archive.org/download/stackexchange_20240630/stackexchange_20240630/history.stackexchange.com.7z,history.stackexchange
https://archive.org/download/stackexchange_20240630/stackexchange_20240630/homebrew.meta.stackexchange.com.7z,homebrew.meta.stackexchange
https://archive.org/download/stackexchange_20240630/stackexchange_20240630/homebrew.stackexchange.com.7z,homebrew.stackexchange
https://archive.org/download/stackexchange_20240630/stackexchange_20240630/hsm.meta.stackexchange.com.7z,hsm.meta.stackexchange
https://archive.org/download/stackexchange_20240630/stackexchange_20240630/hsm.stackexchange.com.7z,hsm.stackexchange
https://archive.org/download/stackexchange_20240630/stackexchange_20240630/interpersonal.meta.stackexchange.com.7z,interpersonal.meta.stackexchange
https://archive.org/download/stackexchange_20240630/stackexchange_20240630/interpersonal.stackexchange.com.7z,interpersonal.stackexchange
https://archive.org/download/stackexchange_20240630/stackexchange_20240630/iot.meta.stackexchange.com.7z,iot.meta.stackexchange
https://archive.org/download/stackexchange_20240630/stackexchange_20240630/iot.stackexchange.com.7z,iot.stackexchange
https://archive.org/download/stackexchange_20240630/stackexchange_20240630/iota.meta.stackexchange.com.7z,iota.meta.stackexchange
https://archive.org/download/stackexchange_20240630/stackexchange_20240630/iota.stackexchange.com.7z,iota.stackexchange
https://archive.org/download/stackexchange_20240630/stackexchange_20240630/islam.meta.stackexchange.com.7z,islam.meta.stackexchange
https://archive.org/download/stackexchange_20240630/stackexchange_20240630/islam.stackexchange.com.7z,islam.stackexchange
https://archive.org/download/stackexchange_20240630/stackexchange_20240630/italian.meta.stackexchange.com.7z,italian.meta.stackexchange
https://archive.org/download/stackexchange_20240630/stackexchange_20240630/italian.stackexchange.com.7z,italian.stackexchange
https://archive.org/download/stackexchange_20240630/stackexchange_20240630/ja.meta.stackoverflow.com.7z,ja.meta.stackoverflow
https://archive.org/download/stackexchange_20240630/stackexchange_20240630/ja.stackoverflow.com.7z,ja.stackoverflow
https://archive.org/download/stackexchange_20240630/stackexchange_20240630/japanese.meta.stackexchange.com.7z,japanese.meta.stackexchange
https://archive.org/download/stackexchange_20240630/stackexchange_20240630/japanese.stackexchange.com.7z,japanese.stackexchange
https://archive.org/download/stackexchange_20240630/stackexchange_20240630/joomla.meta.stackexchange.com.7z,joomla.meta.stackexchange
https://archive.org/download/stackexchange_20240630/stackexchange_20240630/joomla.stackexchange.com.7z,joomla.stackexchange
https://archive.org/download/stackexchange_20240630/stackexchange_20240630/judaism.meta.stackexchange.com.7z,judaism.meta.stackexchange
https://archive.org/download/stackexchange_20240630/stackexchange_20240630/judaism.stackexchange.com.7z,judaism.stackexchange
https://archive.org/download/stackexchange_20240630/stackexchange_20240630/korean.meta.stackexchange.com.7z,korean.meta.stackexchange
https://archive.org/download/stackexchange_20240630/stackexchange_20240630/korean.stackexchange.com.7z,korean.stackexchange
https://archive.org/download/stackexchange_20240630/stackexchange_20240630/langdev.meta.stackexchange.com.7z,langdev.meta.stackexchange
https://archive.org/download/stackexchange_20240630/stackexchange_20240630/langdev.stackexchange.com.7z,langdev.stackexchange
https://archive.org/download/stackexchange_20240630/stackexchange_20240630/languagelearning.meta.stackexchange.com.7z,languagelearning.meta.stackexchange
https://archive.org/download/stackexchange_20240630/stackexchange_20240630/languagelearning.stackexchange.com.7z,languagelearning.stackexchange
https://archive.org/download/stackexchange_20240630/stackexchange_20240630/latin.meta.stackexchange.com.7z,latin.meta.stackexchange
https://archive.org/download/stackexchange_20240630/stackexchange_20240630/latin.stackexchange.com.7z,latin.stackexchange
https://archive.org/download/stackexchange_20240630/stackexchange_20240630/law.meta.stackexchange.com.7z,law.meta.stackexchange
https://archive.org/download/stackexchange_20240630/stackexchange_20240630/law.stackexchange.com.7z,law.stackexchange
https://archive.org/download/stackexchange_20240630/stackexchange_20240630/lifehacks.meta.stackexchange.com.7z,lifehacks.meta.stackexchange
https://archive.org/download/stackexchange_20240630/stackexchange_20240630/lifehacks.stackexchange.com.7z,lifehacks.stackexchange
https://archive.org/download/stackexchange_20240630/stackexchange_20240630/linguistics.meta.stackexchange.com.7z,linguistics.meta.stackexchange
https://archive.org/download/stackexchange_20240630/stackexchange_20240630/linguistics.stackexchange.com.7z,linguistics.stackexchange
https://archive.org/download/stackexchange_20240630/stackexchange_20240630/literature.meta.stackexchange.com.7z,literature.meta.stackexchange
https://archive.org/download/stackexchange_20240630/stackexchange_20240630/literature.stackexchange.com.7z,literature.stackexchange
https://archive.org/download/stackexchange_20240630/stackexchange_20240630/magento.meta.stackexchange.com.7z,magento.meta.stackexchange
https://archive.org/download/stackexchange_20240630/stackexchange_20240630/magento.stackexchange.com.7z,magento.stackexchange
https://archive.org/download/stackexchange_20240630/stackexchange_20240630/martialarts.meta.stackexchange.com.7z,martialarts.meta.stackexchange
https://archive.org/download/stackexchange_20240630/stackexchange_20240630/martialarts.stackexchange.com.7z,martialarts.stackexchange
https://archive.org/download/stackexchange_20240630/stackexchange_20240630/materials.meta.stackexchange.com.7z,materials.meta.stackexchange
https://archive.org/download/stackexchange_20240630/stackexchange_20240630/materials.stackexchange.com.7z,materials.stackexchange
https://archive.org/download/stackexchange_20240630/stackexchange_20240630/math.meta.stackexchange.com.7z,math.meta.stackexchange
https://archive.org/download/stackexchange_20240630/stackexchange_20240630/math.stackexchange.com.7z,math.stackexchange
https://archive.org/download/stackexchange_20240630/stackexchange_20240630/matheducators.meta.stackexchange.com.7z,matheducators.meta.stackexchange
https://archive.org/download/stackexchange_20240630/stackexchange_20240630/matheducators.stackexchange.com.7z,matheducators.stackexchange
https://archive.org/download/stackexchange_20240630/stackexchange_20240630/mathematica.meta.stackexchange.com.7z,mathematica.meta.stackexchange
https://archive.org/download/stackexchange_20240630/stackexchange_20240630/mathematica.stackexchange.com.7z,mathematica.stackexchange
https://archive.org/download/stackexchange_20240630/stackexchange_20240630/mathoverflow.net.7z,mathoverflow.net.7z
https://archive.org/download/stackexchange_20240630/stackexchange_20240630/mechanics.meta.stackexchange.com.7z,mechanics.meta.stackexchange
https://archive.org/download/stackexchange_20240630/stackexchange_20240630/mechanics.stackexchange.com.7z,mechanics.stackexchange
https://archive.org/download/stackexchange_20240630/stackexchange_20240630/meta.askubuntu.com.7z,meta.askubuntu
https://archive.org/download/stackexchange_20240630/stackexchange_20240630/meta.mathoverflow.net.7z,meta.mathoverflow.net.7z
https://archive.org/download/stackexchange_20240630/stackexchange_20240630/meta.serverfault.com.7z,meta.serverfault
https://archive.org/download/stackexchange_20240630/stackexchange_20240630/meta.stackexchange.com.7z,meta.stackexchange
https://archive.org/download/stackexchange_20240630/stackexchange_20240630/meta.stackoverflow.com.7z,meta.stackoverflow
https://archive.org/download/stackexchange_20240630/stackexchange_20240630/meta.superuser.com.7z,meta.superuser
https://archive.org/download/stackexchange_20240630/stackexchange_20240630/moderators.meta.stackexchange.com.7z,moderators.meta.stackexchange
https://archive.org/download/stackexchange_20240630/stackexchange_20240630/moderators.stackexchange.com.7z,moderators.stackexchange
https://archive.org/download/stackexchange_20240630/stackexchange_20240630/monero.meta.stackexchange.com.7z,monero.meta.stackexchange
https://archive.org/download/stackexchange_20240630/stackexchange_20240630/monero.stackexchange.com.7z,monero.stackexchange
https://archive.org/download/stackexchange_20240630/stackexchange_20240630/money.meta.stackexchange.com.7z,money.meta.stackexchange
https://archive.org/download/stackexchange_20240630/stackexchange_20240630/money.stackexchange.com.7z,money.stackexchange
https://archive.org/download/stackexchange_20240630/stackexchange_20240630/movies.meta.stackexchange.com.7z,movies.meta.stackexchange
https://archive.org/download/stackexchange_20240630/stackexchange_20240630/movies.stackexchange.com.7z,movies.stackexchange
https://archive.org/download/stackexchange_20240630/stackexchange_20240630/music.meta.stackexchange.com.7z,music.meta.stackexchange
https://archive.org/download/stackexchange_20240630/stackexchange_20240630/music.stackexchange.com.7z,music.stackexchange
https://archive.org/download/stackexchange_20240630/stackexchange_20240630/musicfans.meta.stackexchange.com.7z,musicfans.meta.stackexchange
https://archive.org/download/stackexchange_20240630/stackexchange_20240630/musicfans.stackexchange.com.7z,musicfans.stackexchange
https://archive.org/download/stackexchange_20240630/stackexchange_20240630/mythology.meta.stackexchange.com.7z,mythology.meta.stackexchange
https://archive.org/download/stackexchange_20240630/stackexchange_20240630/mythology.stackexchange.com.7z,mythology.stackexchange
https://archive.org/download/stackexchange_20240630/stackexchange_20240630/networkengineering.meta.stackexchange.com.7z,networkengineering.meta.stackexchange
https://archive.org/download/stackexchange_20240630/stackexchange_20240630/networkengineering.stackexchange.com.7z,networkengineering.stackexchange
https://archive.org/download/stackexchange_20240630/stackexchange_20240630/opendata.meta.stackexchange.com.7z,opendata.meta.stackexchange
https://archive.org/download/stackexchange_20240630/stackexchange_20240630/opendata.stackexchange.com.7z,opendata.stackexchange
https://archive.org/download/stackexchange_20240630/stackexchange_20240630/opensource.meta.stackexchange.com.7z,opensource.meta.stackexchange
https://archive.org/download/stackexchange_20240630/stackexchange_20240630/opensource.stackexchange.com.7z,opensource.stackexchange
https://archive.org/download/stackexchange_20240630/stackexchange_20240630/or.meta.stackexchange.com.7z,or.meta.stackexchange
https://archive.org/download/stackexchange_20240630/stackexchange_20240630/or.stackexchange.com.7z,or.stackexchange
https://archive.org/download/stackexchange_20240630/stackexchange_20240630/outdoors.meta.stackexchange.com.7z,outdoors.meta.stackexchange
https://archive.org/download/stackexchange_20240630/stackexchange_20240630/outdoors.stackexchange.com.7z,outdoors.stackexchange
https://archive.org/download/stackexchange_20240630/stackexchange_20240630/parenting.meta.stackexchange.com.7z,parenting.meta.stackexchange
https://archive.org/download/stackexchange_20240630/stackexchange_20240630/parenting.stackexchange.com.7z,parenting.stackexchange
https://archive.org/download/stackexchange_20240630/stackexchange_20240630/patents.meta.stackexchange.com.7z,patents.meta.stackexchange
https://archive.org/download/stackexchange_20240630/stackexchange_20240630/patents.stackexchange.com.7z,patents.stackexchange
https://archive.org/download/stackexchange_20240630/stackexchange_20240630/pets.meta.stackexchange.com.7z,pets.meta.stackexchange
https://archive.org/download/stackexchange_20240630/stackexchange_20240630/pets.stackexchange.com.7z,pets.stackexchange
https://archive.org/download/stackexchange_20240630/stackexchange_20240630/philosophy.meta.stackexchange.com.7z,philosophy.meta.stackexchange
https://archive.org/download/stackexchange_20240630/stackexchange_20240630/philosophy.stackexchange.com.7z,philosophy.stackexchange
https://archive.org/download/stackexchange_20240630/stackexchange_20240630/photo.meta.stackexchange.com.7z,photo.meta.stackexchange
https://archive.org/download/stackexchange_20240630/stackexchange_20240630/photo.stackexchange.com.7z,photo.stackexchange
https://archive.org/download/stackexchange_20240630/stackexchange_20240630/physics.meta.stackexchange.com.7z,physics.meta.stackexchange
https://archive.org/download/stackexchange_20240630/stackexchange_20240630/physics.stackexchange.com.7z,physics.stackexchange
https://archive.org/download/stackexchange_20240630/stackexchange_20240630/pm.meta.stackexchange.com.7z,pm.meta.stackexchange
https://archive.org/download/stackexchange_20240630/stackexchange_20240630/pm.stackexchange.com.7z,pm.stackexchange
https://archive.org/download/stackexchange_20240630/stackexchange_20240630/poker.meta.stackexchange.com.7z,poker.meta.stackexchange
https://archive.org/download/stackexchange_20240630/stackexchange_20240630/poker.stackexchange.com.7z,poker.stackexchange
https://archive.org/download/stackexchange_20240630/stackexchange_20240630/politics.meta.stackexchange.com.7z,politics.meta.stackexchange
https://archive.org/download/stackexchange_20240630/stackexchange_20240630/politics.stackexchange.com.7z,politics.stackexchange
https://archive.org/download/stackexchange_20240630/stackexchange_20240630/portuguese.meta.stackexchange.com.7z,portuguese.meta.stackexchange
https://archive.org/download/stackexchange_20240630/stackexchange_20240630/portuguese.stackexchange.com.7z,portuguese.stackexchange
https://archive.org/download/stackexchange_20240630/stackexchange_20240630/proofassistants.meta.stackexchange.com.7z,proofassistants.meta.stackexchange
https://archive.org/download/stackexchange_20240630/stackexchange_20240630/proofassistants.stackexchange.com.7z,proofassistants.stackexchange
https://archive.org/download/stackexchange_20240630/stackexchange_20240630/pt.meta.stackoverflow.com.7z,pt.meta.stackoverflow
https://archive.org/download/stackexchange_20240630/stackexchange_20240630/pt.stackoverflow.com.7z,pt.stackoverflow
https://archive.org/download/stackexchange_20240630/stackexchange_20240630/puzzling.meta.stackexchange.com.7z,puzzling.meta.stackexchange
https://archive.org/download/stackexchange_20240630/stackexchange_20240630/puzzling.stackexchange.com.7z,puzzling.stackexchange
https://archive.org/download/stackexchange_20240630/stackexchange_20240630/quant.meta.stackexchange.com.7z,quant.meta.stackexchange
https://archive.org/download/stackexchange_20240630/stackexchange_20240630/quant.stackexchange.com.7z,quant.stackexchange
https://archive.org/download/stackexchange_20240630/stackexchange_20240630/quantumcomputing.meta.stackexchange.com.7z,quantumcomputing.meta.stackexchange
https://archive.org/download/stackexchange_20240630/stackexchange_20240630/quantumcomputing.stackexchange.com.7z,quantumcomputing.stackexchange
https://archive.org/download/stackexchange_20240630/stackexchange_20240630/raspberrypi.meta.stackexchange.com.7z,raspberrypi.meta.stackexchange
https://archive.org/download/stackexchange_20240630/stackexchange_20240630/raspberrypi.stackexchange.com.7z,raspberrypi.stackexchange
https://archive.org/download/stackexchange_20240630/stackexchange_20240630/retrocomputing.meta.stackexchange.com.7z,retrocomputing.meta.stackexchange
https://archive.org/download/stackexchange_20240630/stackexchange_20240630/retrocomputing.stackexchange.com.7z,retrocomputing.stackexchange
https://archive.org/download/stackexchange_20240630/stackexchange_20240630/reverseengineering.meta.stackexchange.com.7z,reverseengineering.meta.stackexchange
https://archive.org/download/stackexchange_20240630/stackexchange_20240630/reverseengineering.stackexchange.com.7z,reverseengineering.stackexchange
https://archive.org/download/stackexchange_20240630/stackexchange_20240630/robotics.meta.stackexchange.com.7z,robotics.meta.stackexchange
https://archive.org/download/stackexchange_20240630/stackexchange_20240630/robotics.stackexchange.com.7z,robotics.stackexchange
https://archive.org/download/stackexchange_20240630/stackexchange_20240630/rpg.meta.stackexchange.com.7z,rpg.meta.stackexchange
https://archive.org/download/stackexchange_20240630/stackexchange_20240630/rpg.stackexchange.com.7z,rpg.stackexchange
https://archive.org/download/stackexchange_20240630/stackexchange_20240630/ru.meta.stackoverflow.com.7z,ru.meta.stackoverflow
https://archive.org/download/stackexchange_20240630/stackexchange_20240630/ru.stackoverflow.com.7z,ru.stackoverflow
https://archive.org/download/stackexchange_20240630/stackexchange_20240630/rus.meta.stackexchange.com.7z,rus.meta.stackexchange
https://archive.org/download/stackexchange_20240630/stackexchange_20240630/rus.stackexchange.com.7z,rus.stackexchange
https://archive.org/download/stackexchange_20240630/stackexchange_20240630/russian.meta.stackexchange.com.7z,russian.meta.stackexchange
https://archive.org/download/stackexchange_20240630/stackexchange_20240630/russian.stackexchange.com.7z,russian.stackexchange
https://archive.org/download/stackexchange_20240630/stackexchange_20240630/salesforce.meta.stackexchange.com.7z,salesforce.meta.stackexchange
https://archive.org/download/stackexchange_20240630/stackexchange_20240630/salesforce.stackexchange.com.7z,salesforce.stackexchange
https://archive.org/download/stackexchange_20240630/stackexchange_20240630/scicomp.meta.stackexchange.com.7z,scicomp.meta.stackexchange
https://archive.org/download/stackexchange_20240630/stackexchange_20240630/scicomp.stackexchange.com.7z,scicomp.stackexchange
https://archive.org/download/stackexchange_20240630/stackexchange_20240630/scifi.meta.stackexchange.com.7z,scifi.meta.stackexchange
https://archive.org/download/stackexchange_20240630/stackexchange_20240630/scifi.stackexchange.com.7z,scifi.stackexchange
https://archive.org/download/stackexchange_20240630/stackexchange_20240630/security.meta.stackexchange.com.7z,security.meta.stackexchange
https://archive.org/download/stackexchange_20240630/stackexchange_20240630/security.stackexchange.com.7z,security.stackexchange
https://archive.org/download/stackexchange_20240630/stackexchange_20240630/serverfault.com.7z,serverfault
https://archive.org/download/stackexchange_20240630/stackexchange_20240630/sharepoint.meta.stackexchange.com.7z,sharepoint.meta.stackexchange
https://archive.org/download/stackexchange_20240630/stackexchange_20240630/sharepoint.stackexchange.com.7z,sharepoint.stackexchange
https://archive.org/download/stackexchange_20240630/stackexchange_20240630/sitecore.meta.stackexchange.com.7z,sitecore.meta.stackexchange
https://archive.org/download/stackexchange_20240630/stackexchange_20240630/sitecore.stackexchange.com.7z,sitecore.stackexchange
https://archive.org/download/stackexchange_20240630/stackexchange_20240630/skeptics.meta.stackexchange.com.7z,skeptics.meta.stackexchange
https://archive.org/download/stackexchange_20240630/stackexchange_20240630/skeptics.stackexchange.com.7z,skeptics.stackexchange
https://archive.org/download/stackexchange_20240630/stackexchange_20240630/softwareengineering.meta.stackexchange.com.7z,softwareengineering.meta.stackexchange
https://archive.org/download/stackexchange_20240630/stackexchange_20240630/softwareengineering.stackexchange.com.7z,softwareengineering.stackexchange
https://archive.org/download/stackexchange_20240630/stackexchange_20240630/softwarerecs.meta.stackexchange.com.7z,softwarerecs.meta.stackexchange
https://archive.org/download/stackexchange_20240630/stackexchange_20240630/softwarerecs.stackexchange.com.7z,softwarerecs.stackexchange
https://archive.org/download/stackexchange_20240630/stackexchange_20240630/solana.meta.stackexchange.com.7z,solana.meta.stackexchange
https://archive.org/download/stackexchange_20240630/stackexchange_20240630/solana.stackexchange.com.7z,solana.stackexchange
https://archive.org/download/stackexchange_20240630/stackexchange_20240630/sound.meta.stackexchange.com.7z,sound.meta.stackexchange
https://archive.org/download/stackexchange_20240630/stackexchange_20240630/sound.stackexchange.com.7z,sound.stackexchange
https://archive.org/download/stackexchange_20240630/stackexchange_20240630/space.meta.stackexchange.com.7z,space.meta.stackexchange
https://archive.org/download/stackexchange_20240630/stackexchange_20240630/space.stackexchange.com.7z,space.stackexchange
https://archive.org/download/stackexchange_20240630/stackexchange_20240630/spanish.meta.stackexchange.com.7z,spanish.meta.stackexchange
https://archive.org/download/stackexchange_20240630/stackexchange_20240630/spanish.stackexchange.com.7z,spanish.stackexchange
https://archive.org/download/stackexchange_20240630/stackexchange_20240630/sports.meta.stackexchange.com.7z,sports.meta.stackexchange
https://archive.org/download/stackexchange_20240630/stackexchange_20240630/sports.stackexchange.com.7z,sports.stackexchange
https://archive.org/download/stackexchange_20240630/stackexchange_20240630/sqa.meta.stackexchange.com.7z,sqa.meta.stackexchange
https://archive.org/download/stackexchange_20240630/stackexchange_20240630/sqa.stackexchange.com.7z,sqa.stackexchange
https://archive.org/download/stackexchange_20240630/stackexchange_20240630/stackapps.com.7z,stackapps
https://archive.org/download/stackexchange_20240630/stackexchange_20240630/stackoverflow.com.7z,stackoverflow
https://archive.org/download/stackexchange_20240630/stackexchange_20240630/stats.meta.stackexchange.com.7z,stats.meta.stackexchange
https://archive.org/download/stackexchange_20240630/stackexchange_20240630/stats.stackexchange.com.7z,stats.stackexchange
https://archive.org/download/stackexchange_20240630/stackexchange_20240630/stellar.meta.stackexchange.com.7z,stellar.meta.stackexchange
https://archive.org/download/stackexchange_20240630/stackexchange_20240630/stellar.stackexchange.com.7z,stellar.stackexchange
https://archive.org/download/stackexchange_20240630/stackexchange_20240630/substrate.meta.stackexchange.com.7z,substrate.meta.stackexchange
https://archive.org/download/stackexchange_20240630/stackexchange_20240630/substrate.stackexchange.com.7z,substrate.stackexchange
https://archive.org/download/stackexchange_20240630/stackexchange_20240630/superuser.com.7z,superuser
https://archive.org/download/stackexchange_20240630/stackexchange_20240630/sustainability.meta.stackexchange.com.7z,sustainability.meta.stackexchange
https://archive.org/download/stackexchange_20240630/stackexchange_20240630/sustainability.stackexchange.com.7z,sustainability.stackexchange
https://archive.org/download/stackexchange_20240630/stackexchange_20240630/tex.meta.stackexchange.com.7z,tex.meta.stackexchange
https://archive.org/download/stackexchange_20240630/stackexchange_20240630/tex.stackexchange.com.7z,tex.stackexchange
https://archive.org/download/stackexchange_20240630/stackexchange_20240630/tezos.meta.stackexchange.com.7z,tezos.meta.stackexchange
https://archive.org/download/stackexchange_20240630/stackexchange_20240630/tezos.stackexchange.com.7z,tezos.stackexchange
https://archive.org/download/stackexchange_20240630/stackexchange_20240630/tor.meta.stackexchange.com.7z,tor.meta.stackexchange
https://archive.org/download/stackexchange_20240630/stackexchange_20240630/tor.stackexchange.com.7z,tor.stackexchange
https://archive.org/download/stackexchange_20240630/stackexchange_20240630/travel.meta.stackexchange.com.7z,travel.meta.stackexchange
https://archive.org/download/stackexchange_20240630/stackexchange_20240630/travel.stackexchange.com.7z,travel.stackexchange
https://archive.org/download/stackexchange_20240630/stackexchange_20240630/tridion.meta.stackexchange.com.7z,tridion.meta.stackexchange
https://archive.org/download/stackexchange_20240630/stackexchange_20240630/tridion.stackexchange.com.7z,tridion.stackexchange
https://archive.org/download/stackexchange_20240630/stackexchange_20240630/ukrainian.meta.stackexchange.com.7z,ukrainian.meta.stackexchange
https://archive.org/download/stackexchange_20240630/stackexchange_20240630/ukrainian.stackexchange.com.7z,ukrainian.stackexchange
https://archive.org/download/stackexchange_20240630/stackexchange_20240630/unix.meta.stackexchange.com.7z,unix.meta.stackexchange
https://archive.org/download/stackexchange_20240630/stackexchange_20240630/unix.stackexchange.com.7z,unix.stackexchange
https://archive.org/download/stackexchange_20240630/stackexchange_20240630/ux.meta.stackexchange.com.7z,ux.meta.stackexchange
https://archive.org/download/stackexchange_20240630/stackexchange_20240630/ux.stackexchange.com.7z,ux.stackexchange
https://archive.org/download/stackexchange_20240630/stackexchange_20240630/vegetarianism.meta.stackexchange.com.7z,vegetarianism.meta.stackexchange
https://archive.org/download/stackexchange_20240630/stackexchange_20240630/vegetarianism.stackexchange.com.7z,vegetarianism.stackexchange
https://archive.org/download/stackexchange_20240630/stackexchange_20240630/vi.meta.stackexchange.com.7z,vi.meta.stackexchange
https://archive.org/download/stackexchange_20240630/stackexchange_20240630/vi.stackexchange.com.7z,vi.stackexchange
https://archive.org/download/stackexchange_20240630/stackexchange_20240630/webapps.meta.stackexchange.com.7z,webapps.meta.stackexchange
https://archive.org/download/stackexchange_20240630/stackexchange_20240630/webapps.stackexchange.com.7z,webapps.stackexchange
https://archive.org/download/stackexchange_20240630/stackexchange_20240630/webmasters.meta.stackexchange.com.7z,webmasters.meta.stackexchange
https://archive.org/download/stackexchange_20240630/stackexchange_20240630/webmasters.stackexchange.com.7z,webmasters.stackexchange
https://archive.org/download/stackexchange_20240630/stackexchange_20240630/woodworking.meta.stackexchange.com.7z,woodworking.meta.stackexchange
https://archive.org/download/stackexchange_20240630/stackexchange_20240630/woodworking.stackexchange.com.7z,woodworking.stackexchange
https://archive.org/download/stackexchange_20240630/stackexchange_20240630/wordpress.meta.stackexchange.com.7z,wordpress.meta.stackexchange
https://archive.org/download/stackexchange_20240630/stackexchange_20240630/wordpress.stackexchange.com.7z,wordpress.stackexchange
https://archive.org/download/stackexchange_20240630/stackexchange_20240630/workplace.meta.stackexchange.com.7z,workplace.meta.stackexchange
https://archive.org/download/stackexchange_20240630/stackexchange_20240630/workplace.stackexchange.com.7z,workplace.stackexchange
https://archive.org/download/stackexchange_20240630/stackexchange_20240630/worldbuilding.meta.stackexchange.com.7z,worldbuilding.meta.stackexchange
https://archive.org/download/stackexchange_20240630/stackexchange_20240630/worldbuilding.stackexchange.com.7z,worldbuilding.stackexchange
https://archive.org/download/stackexchange_20240630/stackexchange_20240630/writers.meta.stackexchange.com.7z,writers.meta.stackexchange
https://archive.org/download/stackexchange_20240630/stackexchange_20240630/writers.stackexchange.com.7z,writers.stackexchange